Renewable energy consumption (% of total final energy consumption),CO2 emissions from solid fuel consumption (kt),"Literacy rate, adult total (% of people ages 15 and above)",GDP (current US$)
62.4576883595774,605867.346839967,,829829959319.292
62.1283378931582,587353.836149789,,899295676086.836
61.499576835816,626313.761249227,,979689662429.07
61.0826852828279,593205.503573315,,963347276805.076
61.7183967592541,594031.621327224,,952675592818.555
63.1246524339127,598691.772759534,,945439147816.613
63.0998368387508,607317.554484854,,849409658737.661
61.4204207108602,611439.70324548,,715485327250.406
62.0293694728243,624245.916040381,,713502105052.171
61.6429091855007,587724.101892574,,665598701583.95
62.9042205481805,573327.463070722,,580240749509.224
63.2439096118089,565665.505125784,,516661066465.534
63.7751947542527,574143.466890584,,442696185471.329
64.7295972927242,536612.589903034,,355716369427.671
65.1521153198181,492378.824395188,,267815037918.24
65.8786989918387,510166.64792296,,260992227336.281
65.4495238865207,511274.081678487,,287201651448.678
76.2833830991289,3632.48912686323,55.4379196166992,692181085843.488
76.6891600561783,2858.61100853149,54.8183212280273,769367317617.821
76.1358024948566,2642.76745171788,54.0067596435547,894585438237.958
77.1379412154111,2045.06838281495,53.0027809143066,834160608935.995
78.8868764432574,2127.10550991927,52.4101600646973,737799647336.195
79.5769126675124,2232.58181619626,51.7663116455078,682233324561.043
80.9395137178094,1769.65802753614,51.1569595336914,598697706331.002
82.818630343753,1775.51782232931,50.6923789978027,508552578501.962
81.6105898353143,1523.54664622317,49.8100395202637,567937963599.451
82.4864593391866,1599.72397853433,50.1195487976074,465683513908.341
81.9801467880255,1171.95895863321,,397088785487.807
81.0568164946989,1037.18367839039,51.4238204956055,312409315139.612
80.8757704707822,1189.53834301271,51.3834114074707,256100640349.771
80.8145905716618,990.30532004506,49.4743690490723,206982053949.069
81.8649253938099,1037.18367839039,49.4724502563477,178692437188.28
,342046.759,,1316821592128.16
,344521.984,,1293623329358.52
,346722.184,,1463823020682.85
,367103.37,,1417557275930.7
23.2950714112546,2807075.18367503,78.6065521240234,10537028724316.6
23.2586860898365,2662103.38111464,77.9914779663086,10237020101449.3
23.4797969089408,2561388.11565935,77.251350402832,10766609704140.0
24.0310143347149,2374946.55150629,76.3663711547852,10406754465041.8
23.7733426106844,2550473.33889995,75.8829193115234,10261753916720.6
24.1114815363071,2375832.53951624,75.28125,9813800566552.76
24.8677344772296,2170660.06198081,75.2594604492188,8708208712873.16
25.4221953186103,2193794.64780889,73.6762008666992,7172729962646.64
25.9558496427718,2114236.16819824,72.8475036621094,7460093874185.93
26.2262030974842,1957704.89809507,72.0456314086914,6624825302691.11
27.1669158641438,1819758.81820277,70.8128509521484,5596741342074.53
27.8828809731867,1698199.77870628,70.9275665283203,4895873888500.77
28.3927990012727,1612863.52254282,71.1810607910156,4210079741319.68
29.0577598656013,1510024.99583269,70.409912109375,3622987599508.75
29.5887941883654,1415284.10926094,69.378288269043,3254999167379.13
30.3000368306223,1395625.43073812,68.6700973510742,3351139229137.53
30.4134618326183,1376566.98560882,68.2059936523438,3377700768682.0
13.3225867072793,8629124.55562714,95.0339736938477,22776012762509.5
12.9503215901268,8884623.3072011,94.869499206543,21995274219766.7
13.1914590207076,8914374.09529975,94.6579895019531,22089701789223.8
12.8049975797319,9028990.32326381,94.1243209838867,21411284057214.5
12.8225859693401,9078056.83908183,94.0228500366211,21174178691967.8
12.7647566920643,8906023.83695883,93.8310394287109,19796933123174.5
13.4161693347713,8094420.71693349,94.124641418457,17078057240005.1
14.2950537387367,7076138.57363177,94.0279922485352,14630641103929.1
14.7634090238318,7246588.42535333,93.7255783081055,14220148735114.5
15.0643380789745,6404100.20633628,93.4407424926758,12331150790689.8
15.9701688544014,6276388.97437756,92.4162826538086,11034810130882.1
16.4521500875488,5729807.591407,92.0126571655273,10411320781531.8
17.947588197859,5135872.27448221,91.6966705322266,9758440010726.34
19.8144796859051,4524422.33746156,91.3519668579102,8702214026618.33
21.1682646992535,3939991.64873154,90.9889221191406,7912759253773.6
21.7668293056633,3540309.36265005,90.6438064575195,7789513198046.97
22.4892703779861,3449123.05852567,90.2488174438477,8377363424939.49
14.9357827247603,7505111.76496613,95.321418762207,13614572556661.5
14.5014500109842,7755004.3149037,95.1597595214844,13323235973753.0
14.8609234597099,7780252.78309205,94.9556732177734,12800187429285.8
14.5938204412081,7884739.5996024,94.5015029907227,11870059931822.1
14.7499203492228,7958937.0785657,94.405143737793,10759908112898.0
14.7534030380126,7782223.53872755,94.231330871582,9650693739294.8
15.7124472488783,6967742.59026627,94.4905471801758,7900541542589.84
17.0068390325042,6033383.81206667,94.3140487670898,6491258516157.22
17.8186195632414,6162954.27322336,94.0106811523438,5987096399585.56
18.4269273124366,5331096.47003394,93.751106262207,4731773141261.09
19.7699543690339,5247508.0800244,92.638069152832,3742774301714.16
20.7712206609005,4732303.71769015,92.2266998291016,3107694833176.92
23.2431185399422,4125844.83562129,91.9295196533203,2682937085437.41
26.6123181377304,3571721.53652929,91.5990295410156,2313862647600.91
29.2813504786747,3013034.87548611,91.2595520019531,2044360327928.27
30.4509089692039,2657014.64930259,90.9216690063477,1847119549328.77
31.6792835634503,2594138.45506564,90.5106201171875,1736143014172.34
14.9072794927063,7483351.16820777,95.2626190185547,13597889126598.8
14.4745004715235,7735846.46117871,95.0989074707031,13306887306272.5
14.8367730293056,7754767.15457536,94.8922805786133,12784467992142.2
14.5604398933454,7862893.80661749,94.4324188232422,11855481580395.5
14.7348010536402,7926207.90305947,94.3348388671875,10746721177079.8
14.7362101871014,7750998.45835858,94.1588287353516,9638846002337.58
15.7261133262709,6922444.16073922,94.421257019043,7890862049222.1
17.0417177123353,5984671.20836905,94.2424697875977,6483346119173.79
17.8967893794338,6097523.07325368,93.935173034668,5979821324679.64
18.4989301712702,5272387.79935363,93.6721496582031,4726058406128.56
19.8997397792151,5175680.74073454,92.5447692871094,3738299975924.3
20.9168359804373,4662253.10536198,92.1275100708008,3104015775227.44
23.4303841177137,4059541.86020891,91.8258590698242,2679766961249.68
26.8734001842069,3506956.35949176,91.4904937744141,2311138073121.47
29.6045978159098,2949789.22858167,91.1455230712891,2041978325525.65
30.8278405422776,2590670.16156626,90.8022232055664,1844983469200.51
32.0740005836652,2529735.40684749,90.3848495483398,1734140610323.9
12.8936464767637,2245148.17506087,98.2315368652344,20408605606979.3
12.8793455872569,2327474.32484034,98.1386489868164,20481460301210.5
12.4375558577975,1913408.20221707,98.0961380004883,23784373303750.2
12.288853120323,2030823.0917628,98.0536727905273,23454990403618.1
11.6012722289391,2110435.43160432,97.9875411987305,22453705241187.9
10.7488701184553,2011230.05809589,97.8842086791992,23305973325589.8
10.8853454528135,1959219.58012337,97.7472763061523,21016513112950.8
10.4358732450885,1846495.03875056,97.4136810302734,20545109873740.8
9.49520592739064,2103346.24717062,97.3537673950195,23363341474912.2
9.13858807779309,2160456.71406927,97.2418212890625,21227702064340.8
8.56695069696663,2172308.41967967,97.1411590576172,18167737736908.1
8.29421598308961,2075331.77510181,97.1132431030273,16780903793743.8
7.96452959988101,2108214.48004866,96.9480819702148,15775505005718.8
7.69277740506278,2129124.1025901,96.8662490844727,13534598831552.2
7.56767456873364,2063692.12775517,96.7673721313477,11134331409101.7
7.62294061200408,2070167.75155179,96.5860977172852,10168292808351.0
7.61337254150596,2092559.63836971,96.4940719604492,10065925069173.9
,937771.217113162,,1447395306947.53
,927244.297692206,,1507646946545.93
,905263.052435109,,1729714204725.05
,949644.69258043,,1802285899175.5
7.51228880189759,1008596.18875525,98.7599792480469,1652506728905.02
,936402.583391221,,1566799086233.4
,892814.901295312,,1377629393492.27
,837487.136230849,,1163141205236.09
,958651.084060741,,1395064178011.71
,928538.285115238,,1165481350733.46
,933530.466552173,,925984007321.038
,880296.897141981,,796047189589.775
,881614.390832689,,639128690749.53
,889636.637281752,,495996118252.84
,857828.01997716,,389028550190.813
,852089.07237531,,334433492950.211
,882210.728555322,,390254644017.597
7.02388910258759,1152508.18561297,99.0447692871094,3486198200219.98
6.91537820498688,1140848.06849575,98.932502746582,3627947465522.13
6.5278379664623,1121755.0274696,98.9101104736328,4644397266377.62
6.84289164403339,1181584.5780911,98.8830490112305,4915748484819.65
6.31102741897139,1237938.11550368,98.8413314819336,4646863189589.23
6.07092779006697,1183609.36690906,98.7258071899414,4450219264234.29
6.47053937004181,1136846.73960131,98.4977111816406,3657869416963.52
6.31016030362143,1069665.73062429,98.2263412475586,3113738044750.08
5.65568190327709,1211797.48453309,97.8479766845703,3926836234821.61
5.73937107663892,1187294.90332434,97.7478790283203,3172404499923.27
5.80596892249769,1197621.95549502,97.6657028198242,2466363795862.12
6.00418221003651,1129497.3448371,97.6985015869141,2039292026212.71
5.90786082633953,1133776.91219363,97.5674362182617,1628013567626.74
5.63636860981498,1145081.13876061,97.5136871337891,1258197590827.01
5.74985784024828,1107820.56814254,97.4397430419922,1022700571400.73
5.71777156327375,1105761.79474414,97.3662796020508,909540184630.042
5.78122035941118,1132791.87020508,97.2870864868164,894544257579.766
58.2962779162406,33152.6982963505,,1490633651211.68
57.9569141971482,32665.3922980658,,1617323277101.47
53.9001464852927,33152.7773274887,,2053788945066.26
52.6530661299464,30917.163388179,,1935544489353.47
52.059126237069,25954.1032383206,,1861813804786.77
52.3280293306684,30604.6547981666,,1664321553843.86
51.8410966665012,26303.6891186735,,1593981100293.48
53.5439402404876,20433.7016980309,,1342728724357.15
51.2186417388837,21403.2032305017,,1481946186150.49
16.2907775762078,10970530.1642917,88.6774673461914,26027770587219.1
16.0016686563943,11189098.1655531,88.2912673950195,25838353087075.7
16.0045069649585,11215241.6564385,88.2257690429688,27592783808400.6
16.0065412982122,11191020.093886,87.5484085083008,26693510662628.9
15.887836659539,11345846.7539867,87.5256729125977,25304734948065.9
15.9736658791588,10965449.1883108,87.0318603515625,23807285173177.4
16.7272460910101,9944722.79135312,86.7403182983398,20111983284711.5
17.4921772207877,8885064.8991222,86.1131286621094,16541826277696.3
17.6459798426458,9088704.57352775,85.7301406860352,17060926940839.9
18.0131034659241,8114968.66868754,85.3633193969727,14221824723610.0
18.7619771757821,7938742.91286677,84.2480697631836,11453342785003.8
19.330980443884,7273534.70443378,84.2022094726562,9657998889452.79
20.2990969332166,6591988.07231746,84.1974334716797,8085419494002.9
21.555951743121,5961881.77158831,83.8406524658203,6788178855352.03
22.538600180143,5271046.86342945,83.1944274902344,6043651266693.34
22.9120579197555,4889567.1320523,82.7857971191406,5954917913637.39
23.45908993314,4843468.93202384,82.4351119995117,5873248460100.09
21.8679040434864,11222886.7399408,83.8043899536133,28169507573194.1
21.6294500257339,11429732.1178345,83.2457275390625,27987288576613.1
21.5577206112403,11445387.5972504,83.0485305786133,29800896836060.0
21.5875277098192,11409528.9208351,82.3959732055664,28743704005346.5
21.4339037224209,11562149.6394293,82.269172668457,27188545719649.6
21.5517160046757,11180084.8459839,81.7406005859375,25594615218755.3
22.2906265971934,10140538.1641678,81.5316009521484,21693456395830.3
23.1982560728632,9061553.59016622,80.7384796142578,17913122960002.2
23.2238417923038,9268937.83070385,80.3985137939453,18465834149693.5
23.5805920951732,8285464.39416158,80.0183486938477,15401421654907.7
24.456341477588,8099323.04149805,79.4558868408203,12458305114561.1
25.1086085216095,7422508.02608846,79.3485870361328,10499926993564.5
26.127597080377,6730159.51756954,79.4419708251953,8811152019657.5
27.5005338228407,6086601.69312982,78.979377746582,7408766752494.04
28.4585422536844,5384424.76528174,78.3695068359375,6593953285638.38
28.768739137131,4995299.99852915,77.9319686889648,6465885572313.4
29.2201293447597,4949337.95064247,77.5199813842773,6390526414219.35
61.1429771294734,42850.4136638711,,984095717018.772
62.3735090978928,37441.0990725029,,1054056007822.38
61.8385923740395,37221.0455943038,,1110564323061.43
62.246393373411,30059.3051220041,,1023665425289.17
62.4246639753473,26906.5389252599,,941695867218.565
60.2378919914661,32251.8379593338,,847544916121.797
60.7194266961421,31607.6814140599,,741312007016.759
61.7351363294568,30415.3916594536,,631412536974.89
59.9610335166865,33072.037287167,,677188107675.71
59.6391873523077,39761.6630244212,,578188309214.908
59.6672201540436,33952.2511999636,,498778333888.959
59.9046514027308,32155.8146233924,,402541987923.416
59.182858931226,31903.7533665461,,340143118674.081
59.3144484838754,27914.7839526451,,280423881008.659
59.143855992644,26888.2995520399,,248462838455.275
59.0192111844981,24915.2128053513,,226318400272.65
58.9463102894891,25570.2456524301,,226799197386.943
64.842847006727,118735.462296997,,2140704517319.64
65.8156959470969,100402.83513831,,2147696040031.45
65.8203219173824,86982.164137851,,2208113027659.46
66.2272364460917,72990.1416473321,,2050193342717.68
65.9581495375944,67520.9625860042,,1883810771583.73
65.2675994605529,72177.0916918019,,1787330045577.84
65.7143853561922,66900.2392288641,,1581473111118.86
66.776109997762,61685.0765878851,,1371296682305.85
65.8162778624231,62724.9527923918,,1404907208853.62
65.7890032403863,69481.1880674592,,1179708743319.34
66.5603110008094,59220.3438853608,,1005777469306.55
66.8986249779405,56848.7336734606,,842542900340.948
66.9807635095147,55945.2631165463,,726522702342.758
67.2422610372785,50255.5497283596,,621400206928.449
67.3629126090193,48783.9220030662,,550995965118.904
67.47909015535,46043.9214998415,56.6594390869141,511239299618.944
67.7764335069289,47208.1509626741,55.770580291748,517721477276.151
14.1073917695408,8489247.42406873,95.7430801391602,18593573738109.3
13.767259438093,8832973.86491406,95.5112915039062,18550881244486.0
13.8134442754648,8933547.13098505,95.4148864746094,19776331354297.4
13.6438163401403,9034730.2442969,95.2111129760742,19042359863611.2
13.582850422228,9025959.37850597,95.1441268920898,17680657970635.3
13.5308228801371,8812765.98917058,94.9711380004883,16530365963615.5
14.2153188758712,7999184.63921925,94.6083297729492,13564267760890.2
15.0753928441819,6922138.2719674,94.4404220581055,11269360521229.5
15.1033008021706,7199336.61479097,94.1736526489258,11663554908011.7
15.5657045111247,6358358.11273437,93.9794998168945,9382447414660.31
16.2528658854835,6313182.04615104,93.0054397583008,7448573743924.26
16.8416458898126,5761123.22977838,92.7838973999023,6172905218377.23
18.0304755099958,5150983.14496114,92.4644088745117,5117293242644.11
19.4851359525076,4589423.64262563,92.2715301513672,4257947205698.71
20.652796503062,3989496.93984883,91.9046325683594,3736796107267.68
20.855511280119,3626552.29426025,91.6210021972656,3525091029820.11
21.6396740579505,3590867.16001524,91.2517929077148,3410313487927.4
,187138.869950516,,5283310849435.27
,191202.301748053,,5418289197382.29
,187603.929490455,,6483202078515.13
,182632.902298384,,6362333301077.53
,170825.743328138,,6209024743500.11
,178937.407007148,,6137298312571.18
,161158.482043393,,5395521584867.2
,128967.263047066,,4355865396934.77
,144667.862120132,,4642685980825.88
,142514.32612447,,3997430459125.19
,144275.249962078,,3395773013103.38
,139381.335216355,,2901840928620.71
,126999.665516231,,2404140329731.79
,131852.090153873,,2090649676533.06
,115230.184604072,,2051651216847.52
,112536.875021853,,2281659001901.31
,114623.193529301,,2326171956618.83
,154674.322990723,,4496975505130.54
,158344.871580122,,4634564315170.45
,157463.418334466,,5457289044548.77
,151495.483805432,,5436631031505.86
,141921.604180531,,5297857656983.35
,152903.224249132,,5320445093655.74
,139998.163122368,,4556436688834.76
,111547.502045741,,3643244830292.97
,123964.139806383,,3931407891415.48
,125356.909561341,,3401597415158.73
,127818.105429692,,2881093926514.89
,125150.935577899,,2470502060472.19
,113814.509784371,,2043684160277.32
,119652.521047951,,1793945251035.72
,103290.82673538,,1757081641119.62
,100635.103964496,,1951435655114.42
,97192.987622836,,2001496152611.12
,184344.548684579,,5053700630074.01
,188332.276272054,,5194835549016.91
,184806.513316471,,6270841236825.2
,179875.029052486,,6154592516614.85
,168266.368573595,,6005862490255.01
,176261.227020044,,5940252657561.23
,158677.663749419,,5210710546171.9
,126953.633548556,,4176119188574.45
,142416.916978487,,4465251653168.29
,140314.553778133,,3826508335402.83
,142095.24392051,,3234376593372.23
,137220.496689238,,2751720692302.0
,124996.115765083,,2264753929049.28
,129780.21588085,,1960572727991.55
,113439.960957861,,1927469572333.21
,110790.530756196,,2161567505918.14
,112826.685188859,,2214793108979.01
23.7298727215053,11007940.1856388,83.6039962768555,25586586836480.0
23.4438501781898,11213246.5487497,83.0385131835938,25326526306958.9
23.4128918494465,11235207.6004856,82.837532043457,26101787332747.3
23.3635991441574,11178437.9276566,82.1807708740234,24940261486687.7
23.3737721007755,11347159.3783843,82.0476913452148,23512181553245.6
23.5641076061905,10947716.3301008,81.5104217529297,22115543075986.5
24.42140986766,9929380.61975354,81.2899169921875,18779543105772.0
25.4400497752476,8867986.26873323,80.4803619384766,15446634909614.8
25.7031636314608,9068127.57375879,80.1350479125977,15416273265910.1
26.1492849528247,8074154.25466595,79.7461624145508,12982509324893.0
27.3053336867588,7896586.38301808,79.179443359375,10575560319816.4
28.1267205269202,7234680.46095908,79.0746765136719,8985212394211.48
29.6807834081673,6535249.12035176,79.16748046875,7609727994130.64
31.6653580466969,5886826.63114112,78.6955871582031,6487373546291.21
32.9346470367081,5187794.39092746,78.0732727050781,5796547790161.36
33.5301283414834,4797705.67078242,77.6253814697266,5687811932590.82
34.1125089057909,4746801.49926838,77.2071914672852,5680267093251.76
40.8186366784506,2243472.18066347,74.7081527709961,5297558624291.54
41.6452035961217,2132262.31957703,74.0270309448242,5083698600746.07
42.5324013868184,2001696.37308981,73.2375564575195,5090396351864.47
43.4536986548303,1883368.46640401,72.4125137329102,4712914034204.83
43.4740995063709,2031692.55843451,71.8498916625977,4456528170120.24
43.3890943836142,1833179.36227111,71.0120620727539,4217834186882.18
44.1423325863095,1622338.66410874,70.9337463378906,3780034647966.09
45.322950892833,1638818.7576281,69.1890182495117,3141137667805.05
46.1581085084222,1577994.35390335,68.3801116943359,3012634293754.04
47.2894683251323,1449071.25284177,67.7421188354492,2723528151247.76
48.6320305352854,1345602.14947719,67.4235229492188,2225374816704.39
49.26357136733,1242090.0530873,67.1387329101562,1900255691229.5
49.8165638060833,1157722.51872792,67.4801406860352,1649437905989.37
50.3775022182786,1099722.05283943,66.7536087036133,1433893499316.57
50.5225896033837,1045428.63891444,65.6905822753906,1264000378395.07
51.2705442088655,1015355.20905476,64.9259719848633,1197955232304.74
51.5305448172775,986014.029221777,,1185525202868.85
,29558.3243176697,,1496714718329.85
,31239.927704332,,1460582775148.29
,29601.8269200734,,1625989413800.06
,24808.1778828519,,1643993969590.37
,25835.5921651657,,1782893176788.21
,27279.7877129465,,1654719982162.47
,33121.6568065894,,1413230709820.25
,29888.9753477081,,1221252441475.68
,35031.2167688072,,1260101657447.26
,37344.5530631466,,1016252730742.9
,35654.6000228607,,828322826165.268
,34709.7847784358,,707135263713.176
,32313.6553956674,,604588881725.056
,31617.2194165294,,509460205617.962
,31898.9522059224,,463162700952.368
,29863.6756756526,,480454322805.497
,28182.9938630671,,474549193839.263
,29240.0287706744,,1481309318329.85
,30903.5239972112,,1446610375148.29
,29283.0629201144,,1611999713800.06
,24541.0337624912,,1630478469590.37
,25557.3844477126,,1770684776788.21
,26986.0283354294,,1643533882162.47
,32764.9899077036,,1403549209820.25
,29567.1192216576,,1213166741475.68
,34653.9869846183,,1252791257447.26
,36942.4123728699,,1010437030742.9
,35270.6574050314,,822974526165.268
,34336.0162990929,,702009563713.175
,31965.6893706301,,599985781725.056
,31276.7528853249,,505492205617.961
,31555.451866328,,459606900952.367
,29542.0919863232,,476450622805.496
,27879.5084099947,,470235593839.263
21.8667614179575,10892197.0321106,85.5015182495117,25202592678135.5
21.5942824943824,11099565.8181908,84.9246978759766,24911694910932.1
21.619804975326,11113868.4249249,84.720588684082,25680744767168.3
21.6086245646223,11062809.5430716,84.0189208984375,24546674700274.3
21.6734819207551,11220020.4492258,83.9243087768555,23131481309284.9
21.810242291618,10824972.6408263,83.3502426147461,21713900541468.3
22.7242838598832,9802732.33590121,83.2378463745117,18410290632937.1
23.7089690624252,8747092.60605297,82.3709106445312,15112134343474.1
24.0322448466226,8929219.83791679,82.0057373046875,15080296673808.4
24.4792314250413,7950202.7080578,81.6219863891602,12703066994715.0
25.5859079751042,7761180.25206222,81.0781021118164,10346313007674.3
26.3918759165836,7106031.6597058,80.8280868530273,8788211804677.96
27.9217828317568,6415820.25375924,80.8514633178711,7444671186560.86
29.8884842156035,5773910.14124681,80.4270477294922,6346256902458.92
31.1943676346304,5081828.91830777,79.7539596557617,5670206841562.76
31.8329034103356,4691567.86068429,79.3047637939453,5572267083031.9
32.4491083978226,4643107.29652843,78.9223175048828,5557879880102.09
8.40894478976458,2191656.10769413,98.6464462280273,16329831690721.7
7.90561847452141,2226306.07220004,98.6258010864258,15949815407783.3
7.95692766210317,2210547.41800595,98.6130218505859,15140991809591.0
7.50069408062686,2237717.89091462,98.6025238037109,14217173734778.7
7.28124151274277,2215958.03600788,98.5838394165039,13248370941278.2
7.10210296189015,2172493.34942831,98.5713272094727,12356177171634.8
35.3404295412497,1562836.42255975,71.1049270629883,3011037037667.86
36.0592614470028,1529577.39645858,69.7571563720703,2733618963171.59
36.8125656985607,1522512.88263448,68.7931671142578,2614915526247.9
37.8881471077819,1352534.95204257,68.0545272827148,2389895068185.15
37.5824991422199,1390053.2484327,67.3077621459961,2327938845782.62
37.9073539424171,1239120.86524493,66.5059661865234,2294090940082.05
39.199896037042,1119215.06304137,66.0360565185547,2082357808583.89
40.3251243747301,1113938.70838169,63.4656791687012,1702714960275.79
42.0905759258785,1032399.38484131,62.7935791015625,1559693610925.06
,960256.158429764,,1536036848206.91
45.452472213655,877420.694879042,,1220740366279.36
46.4334668050788,818323.319619783,,1075831387301.19
47.160168229575,761403.312706516,,941600860447.854
48.0316126359467,708937.180672994,,811668772003.7
48.3766095693267,675200.822556681,,695456014025.075
49.5132299768399,655453.964268747,,662513570031.796
49.4198688467194,645154.608095885,,647681666329.099
35.3404295412497,1562836.42255975,71.1049270629883,3011037037667.86
36.0592614470028,1529577.39645858,69.7571563720703,2733618963171.59
36.8125656985607,1522512.88263448,68.7931671142578,2614915526247.9
37.8881471077819,1352534.95204257,68.0545272827148,2389895068185.15
37.5824991422199,1390053.2484327,67.3077621459961,2327938845782.62
37.9073539424171,1239120.86524493,66.5059661865234,2294090940082.05
39.199896037042,1119215.06304137,66.0360565185547,2082357808583.89
40.3251243747301,1113938.70838169,63.4656791687012,1702714960275.79
42.0905759258785,1032399.38484131,62.7935791015625,1559693610925.06
,960256.158429763,,1536036848206.91
45.452472213655,877420.694879041,,1220740366279.36
46.4334668050788,818323.319619783,,1075831387301.19
47.160168229575,761403.312706517,,941600860447.854
48.0316126359467,708937.180672994,,811668772003.7
48.3766095693267,675200.822556681,,695456014025.075
49.5132299768399,655453.964268747,,662513570031.796
49.4198688467194,645154.608095885,,647681666329.099
68.5321876239698,607849.053215688,,1522011045162.78
68.5052591892292,588610.014641375,,1668662993704.66
67.9518597989748,627246.524718144,,1874275100667.03
68.2009508212118,593676.015557514,,1797507885741.07
69.319905333243,594574.187820232,,1690475240154.75
70.2635563331266,599318.650713881,,1627672472377.66
70.7878802226208,607506.843893706,,1448107365068.66
70.2822619239662,611624.728004153,,1224037905752.37
70.2138689450837,624173.966615453,,1281440068651.62
70.2555440778684,587805.490774786,,1130543907099.93
70.7563243988536,573056.299569907,,976583731601.043
70.6535409402518,565290.506781389,,827932293880.679
70.8974447436885,573886.271978211,,697688286597.488
71.4244962306197,536262.618284619,,561821496869.847
72.0881511169514,492173.638123799,,446110426619.537
72.631706782254,509738.608278389,,409772900328.954
72.7510609439676,510833.77358622,56.2537612915039,428346156747.99
68.5502478664483,607383.635232888,,1520442531814.64
68.5209415249651,588159.327609421,,1667230590352.53
67.966768924257,626766.254475543,,1872887522796.95
68.2146634923058,593221.449588981,,1796174725333.69
69.3351016799837,594118.934138983,,1689385832315.55
70.2789320726297,598859.764291349,,1626613553670.39
70.8068318085576,607041.687933807,,1447125748526.33
70.2986046214561,611156.419061938,,1223187004131.93
70.2291532619333,623696.048969746,,1280460471257.33
70.2698038686588,587355.419750824,,1129464143218.91
70.7714452298606,572617.521709573,,975498431473.479
70.6695093728988,564857.675034806,,826950419336.1
70.9161251869715,573446.858624439,,696791130087.664
71.4411671251067,535852.012617418,,561066946684.465
72.1062292469338,491796.790515613,,445363669974.506
72.649909206835,509348.311520394,,409106816914.196
72.7658990738892,510442.638281837,56.2482795715332,427688179170.896
68.5321876239698,607849.053215688,,1522011045162.78
68.5052591892292,588610.014641376,,1668662993704.66
67.9518597989748,627246.524718144,,1874275100667.03
68.2009508212118,593676.015557515,,1797507885741.07
69.319905333243,594574.187820232,,1690475240154.75
70.2635563331266,599318.650713881,,1627672472377.66
70.7878802226208,607506.843893706,,1448107365068.66
70.2822619239662,611624.728004153,,1224037905752.37
70.2138689450837,624173.966615454,,1281440068651.62
70.2555440778684,587805.490774786,,1130543907099.93
70.7563243988536,573056.299569907,,976583731601.043
70.6535409402518,565290.506781389,,827932293880.679
70.8974447436885,573886.271978211,,697688286597.488
71.4244962306197,536262.618284619,,561821496869.847
72.0881511169514,492173.638123799,,446110426619.537
72.631706782254,509738.608278389,,409772900328.954
72.7510609439676,510833.77358622,56.2537612915039,428346156747.99
14.9498038796061,8628448.91904218,95.6491088867188,19905034053844.0
14.56846756812,8939217.72970057,95.0711364746094,19827996310186.0
14.4132739719097,9077652.53303746,95.3026428222656,20590348415303.8
14.2173041117114,9139832.62303788,94.6060104370117,19833760666069.5
14.3086395480759,9153990.9751827,94.83447265625,18674953139164.7
14.4377027918409,8952570.79573738,94.385871887207,17496066354586.1
15.3720934314228,8143060.72886983,94.1353988647461,14630255984971.0
16.1645830139159,7084162.35770106,93.9343719482422,11970996675669.0
16.4785585637255,7322040.76898878,93.8507232666016,12067662380054.4
16.8070249412697,6477235.91416958,93.5746765136719,9979459027920.7
17.7864987419104,6388980.52838218,92.732551574707,8120870119143.41
18.4983711043967,5840004.58035429,92.4441070556641,6887893992464.03
19.9935885310803,5237971.08893554,92.1204071044922,5795163605374.28
21.9476598100136,4658443.02852897,91.8690185546875,4912292057325.6
23.4048982474939,4025714.07086762,91.4581604003906,4406150082412.21
23.9622472560731,3668414.1207719,91.1814193725586,4374275436517.74
24.7876723524968,3648599.75074537,90.8406982421875,4372322368009.91
17.6767503798965,15386666.2161472,86.0611572265625,76588030455295.5
17.424128501114,15844904.8531508,85.6018295288086,75359657218242.5
17.3801085884451,15190269.7456678,85.433708190918,79894385759929.2
17.2116480907934,15218140.7500555,84.8601379394531,77751368312765.4
16.9534484358113,15363091.0196401,84.7610626220703,75603976718162.8
16.7176270694494,15144867.7394606,84.3226470947266,73957792909770.5
16.7477089214717,14220608.1401869,84.1600036621094,66514174634775.9
17.092561128788,12946899.7862775,83.5131988525391,60718262754480.1
16.6823455651823,13603435.4253957,83.2566604614258,64072295929643.4
16.5304259466794,12729481.909004,82.9280624389648,58314867929879.5
16.7220207788914,12498312.5985524,82.4636535644531,51749808632586.7
16.6504964329937,11788637.7677666,82.3777694702148,47760320738747.8
16.8184628246129,11121108.7995952,82.4389419555664,44116244570754.9
17.1201865700362,10387764.0244333,82.065559387207,39152139289705.4
17.2744732601478,9639691.14775166,81.5719833374023,34917697037982.8
17.2630263413407,9204181.2622181,81.2043304443359,33626960202657.6
17.5900030929892,9156057.92354508,80.8745193481445,33839387350047.3
,4305.058,31.4488506317139,17805098206.3141
,627.057,,12319834195.331
,535.382,,12890760315.146
,102.676,,12881352893.6855
,80.674,,3922100793.5403
,3010.607,,180383848331.135
,2702.579,,123084258693.01
,2610.904,,61516103406.1688
47.5,0.0,,135966802586.713
72.8,0.0,,8936079117.73136
,0.0,,877514814.814815
,1290.784,,268696750000.0
,3.667,,10546136235.5219
,7.334,,10142111824.5835
,0.0,,2118467913.37873
,0.0,,2453597206.70391
,0.0,,1873452513.96648
,3.667,,37866996882.9157
,11.001,,53076235354.746
,7.334,,75239785452.1022
,11.001,,74160560123.6902
,14.668,,69679944504.1972
,18.335,,65952796427.9473
,22.002,,52909294791.9262
,14.668,,44292427184.9492
,22.002,,33049419431.2244
,0.0,,28776595744.6809
,0.0,,8976196808.51064
,6226.566,,265224514652.992
,8613.783,,195146607942.291
,3509.319,,172886611131.255
,3751.341,,149998957327.029
,3424.978,,133310747047.528
,2838.258,,128607482927.468
47.2,2211.201,46.6636009216309,79611644984.3557
55.9,1331.121,47.4855003356934,53991289844.3291
,2071.855,,50873167326.0414
,0.0,,1168127973.94349
50.3,0.0,32.9488182067871,11141358115.8991
57.3,0.0,28.7021102905273,7034111314.88812
64.0,0.0,34.6578483581543,4194342686.2178
82.8,139.346,55.3175582885742,1939730676.17479
88.7,99.009,52.8146896362305,860391000.221655
,0.0,,33000198248.9146
,0.0,,27084497481.9103
,0.0,,23963164696.592
,0.0,,17339992193.7322
,0.0,,16674276285.8956
,0.0,,13120108008.3477
,0.0,,8141516928.39489
,17099.221,,18179108530.5261
,18500.015,,18644233537.1093
,9717.55,,5567772768.81188
,2775.919,,14271738933.2042
,1804.164,,7511582173.37724
45.4,67318.786,,1795693482652.52
,74469.436,,1802212206904.68
,73666.363,,2456043727198.85
,68840.591,,2472819535742.73
,62944.055,,2465227803011.57
45.2,64165.166,,2616156223977.47
46.8,58543.655,,2208837745214.23
48.9,44495.378,,1666996438681.46
47.0,56006.091,,1695855083552.05
47.2,55346.031,,1397114486471.38
46.7,52269.418,,1107626541710.74
45.2,54480.619,,669289424806.307
,51249.992,,655448231983.527
,0.0,,18525128526.3766
,0.0,,5601018684.24974
,32042.246,,57737040780.0157
,28587.932,,14183446025.7389
78.9,0.0,34.5993995666504,13943016076.7436
82.9,0.0,28.2936592102051,7625722836.76847
84.8,0.0,22.4725799560547,6547419820.38113
85.4,0.0,23.5221996307373,6146353173.34929
80.8,0.0,21.8229198455811,4740768142.67494
91.3,14.668,,2705783329.80483
95.0,14.668,48.0840606689453,1611835857.04588
93.2,7.334,,870486065.883137
,0.0,,1749857620.35329
,0.0,,1913081210.41411
,0.0,,539227277.626411
60.6,2317.544,,18049954289.4721
63.7,957.087,,16702610842.3529
68.0,29.336,,10401851767.7083
74.1,0.0,,10351914177.4839
80.7,0.0,,5337833248.01434
78.7,0.0,,27507501808.6377
80.8,0.0,,23928250409.2212
84.6,0.0,,10566579294.5159
,0.0,,4466278030.59167
93.8,0.0,36.7526092529297,2142591540.40068
88.9,0.0,50.6451683044434,916777282.691659
72.7,0.0,22.3115501403809,10097778098.1707
72.7,0.0,26.0029907226562,10950392256.9543
84.0,0.0,28.3814296722412,4422855660.82592
88.7,0.0,25.6542091369629,1388506771.58756
,27183.471,,242450355827.827
,25415.977,,277395018837.366
,20865.23,,251382573885.594
,9387.52,,70264045939.1322
12.3,6574171.931,95.1244812011719,6087191746679.49
29.6,2398390.349,90.9202117919922,1211331651866.09
,19471.77,,282720100286.228
,19160.075,,293492370193.166
,14623.996,,381240864422.406
,13795.254,,334966134804.887
,13483.559,,286498534094.963
,11811.407,,232468663109.594
,10777.313,,242504150472.931
,8060.066,,206229540926.311
,9358.184,,161792958904.864
,10241.931,,145600529605.803
,7286.329,,117092416666.245
68.3,0.0,49.1961402893066,1015843490.82374
69.9,0.0,,351136579.648632
97.0,0.0,,37134801555.3322
95.5,0.0,,29306235285.2597
97.2,0.0,,16737071816.38
98.3,0.0,,7438189100.33333
64.3,0.0,,15655383576.6515
63.1,0.0,,6650001680.48544
,341.031,,42762613699.9524
,0.0,,15013629658.6521
71.9,0.0,43.9084205627441,48843005613.7091
74.9,0.0,40.9816284179688,36302302877.2977
63.7,0.0,48.7407608032227,16577533891.8785
,1837.167,,23062561236.6444
,14.668,,73141000000.0
,69.673,,33590500000.0
,33.003,,27641551807.2994
,143.013,,10397897085.6102
,2874.928,,75704647877.6559
,2893.263,,71164826836.5281
,3197.624,,67179955677.2791
,2442.222,,62682159338.0354
,1987.514,,60681535652.5373
,2515.562,,58029773599.455
,1851.835,,53860187257.9593
,1932.509,,43965458508.5056
,619.723,,27137440786.2562
,0.0,,97671433000.0
,0.0,,97209558000.0
,0.0,,102717794000.0
,0.0,,96570334000.0
,0.0,,87735048000.0
,0.0,,78986648000.0
,0.0,,68151329000.0
,0.0,,60094978000.0
,0.0,,61139438000.0
,0.0,,49848725000.0
,0.0,,23127055000.0
,1701.488,,288434108527.132
,1804.164,,279116666666.667
,4129.042,,218983666061.706
,2929.933,,107426086956.522
,3069.279,,89600665557.4043
,0.0,,24191430000.0
,0.0,,23438240000.0
,0.0,,21990960000.0
,0.0,,20283780000.0
,0.0,,18447920000.0
,0.0,,17601620000.0
,0.0,,17986890000.0
,0.0,,17011750000.0
,3.667,,15999890000.0
,0.0,,16314443436.2903
45.9,0.0,,1045998496.43872
81.4,0.0,,1380188800.0
74.7,0.0,52.5139503479004,729321680.154324
,15434.403,,23213994093.4631
,11408.037,,5686579747.53524
68.5,370.367,,4438765085.93784
60.1,535.382,,1738093840.36607
94.1,0.0,38.995979309082,19707616772.7996
94.7,0.0,29.8203392028809,12401139453.9738
94.1,0.0,35.9000015258789,10131187261.4421
75.5,0.0,,17170464016.0593
49.0,0.0,50.7779693603516,1378176608.93204
59.3,0.0,41.9500503540039,1375609453.43746
62.9,0.0,36.8177299499512,782913871.80966
,1136.77,,17966015109.3043
56.8,55.005,,3395766677.67315
51.9,0.0,,32197655566.5347
71.6,0.0,,4982850662.20851
,33296.36,,331308500253.274
,36644.331,,136309295225.34
66.2,2471.558,,57852153058.502
67.2,2280.874,,52996446269.442
67.4,1514.471,,49593929487.1263
63.8,1034.094,,20444205991.025
78.6,0.0,32.0038414001465,8778473643.31852
75.7,0.0,25.3077392578125,6853467832.49407
83.5,0.0,29.7040195465088,5025167975.26363
87.3,0.0,45.5811614990234,1135250721.02484
91.2,0.0,41.3577690124512,391345597.467891
,0.0,,4127660151.8087
,0.0,,3165663152.73351
76.1,0.0,,14069277526.2278
81.4,0.0,48.6850204467773,7638739122.67242
79.0,0.0,,5071947798.27263
52.7,436.373,,21717604952.1835
50.8,300.694,,20979791685.416
52.2,568.385,,19756533971.8698
51.1,689.396,,18499729214.904
49.3,707.731,,18528554397.5695
50.9,663.727,,17710275685.4074
53.6,557.384,,15839344591.9842
50.6,326.363,,12361257680.5627
50.4,326.363,,7651162302.3456
35.0,1210839.733,69.3025588989258,1823051829895.13
,855698.117,,940259888787.721
47.1,643881.196,,485440139204.171
,213852.106,,931877364037.698
,153478.618,,860854232686.214
,41488.438,,890814755533.537
,184743.46,,892969104563.171
,173559.11,,539580085616.492
,173254.749,,510228634990.598
,111469.466,,364570515618.357
,77733.066,,256836875295.452
,3454.314,,457954614593.746
,3593.66,,460382791480.428
,4121.708,,492775566425.881
,4132.709,,644035512181.483
,5863.533,,412336172443.795
,5988.211,,266298911663.707
,6090.887,,226452138295.726
,4668.091,,128626917504.398
,0.0,,166743557747.671
,0.0,,228415656174.957
,0.0,,218002476129.472
,0.0,,48364250943.9051
,60259.811,,2294994296589.5
,50813.619,,1168023426056.38
,0.0,,31634561690.1408
,0.0,,29524149154.9296
,0.0,,27133804225.3521
,0.0,,17110437235.543
,0.0,,12588998589.5628
,0.0,,10195627644.5698
,131219.928,,148047348240.643
,121773.736,,115308686941.38
71.8,1246.78,,68285796514.2896
78.2,399.703,,31958195182.2406
76.8,176.016,,12705350097.8044
,239037.062,,1047339010225.25
,0.0,,114585555830.916
,0.0,,174168116687.215
,0.0,,174047695598.686
,0.0,,115416245238.478
,0.0,,147379737229.753
,0.0,,114634043361.692
,0.0,,101557330723.423
,0.0,,80798630136.9863
,2753.917,,4690061380.60253
53.3,5155.802,,14426380125.6488
63.6,751.735,,8750104617.17303
73.9,135.679,,2735558734.7379
81.1,51.338,,1768619058.34647
81.5,40.337,,1731198022.46763
,418.038,,27474380566.265
,498.712,,7958852838.93395
,502.379,,35399582928.6899
,502.379,,24827355014.9254
,1859.169,,2441063054.05792
54.0,1712.489,,1740894964.80511
56.7,1470.467,,887291687.920796
89.8,0.0,42.9410781860352,1373000000.0
,916.75,,43535051482.3869
,341.031,,12237388001.7264
,0.0,,45070808688.9611
,0.0,,36845888757.1886
,0.0,,14874098691.9082
,0.0,,6860272608.45211
83.3,696.73,,11578975061.9479
87.2,36.67,,9616879409.43789
84.9,44.004,,5859269752.61332
82.2,25.669,,4629247203.84524
81.0,227.354,,9219474379.31534
82.8,201.685,,8801326169.14547
81.2,168.682,,10128323010.6049
,0.0,,4409942623.85538
,0.0,,3697353039.20043
,0.0,,1575200390.625
,0.0,,624337145.284622
81.2,0.0,33.0688896179199,13104764378.326
83.6,0.0,30.6186695098877,12995112690.2596
84.0,0.0,31.0997505187988,10689168016.2613
81.7,0.0,26.176549911499,6905934217.90901
85.8,0.0,24.0,4714071979.68835
,0.0,,9638728635.0143
,0.0,,6416184235.8384
,0.0,,172044509.887695
,0.0,,7223071096.85652
,0.0,45.5037803649902,4346212355.02975
,0.0,51.2076797485352,1779520886.47015
,1716.156,,12594155464.4136
,1686.82,,12007291045.6489
,1738.158,,13074129952.0532
,1672.152,,12292974141.4044
,1587.811,,11668696396.7887
,1507.137,,11518413429.9684
,594.054,,4726108622.47661
,47659.999,,1112233497452.7
,44150.68,,1213294467716.88
,48983.786,,1364507717614.13
,50017.88,,1327436290282.67
,49262.478,,1255110424817.79
,56086.765,,1229013703416.76
,51095.978,,1105424238731.09
,40846.713,,943437415024.633
,40817.377,,1161553459715.1
,45877.837,,1102355554971.95
,50329.575,,1020265057882.01
,46845.925,,917571853529.104
,37913.113,,819459227375.022
,34730.157,,810666116505.478
,26721.429,,742061329643.37
,352.032,,9402090137.7423
,366.7,,1288429391.79951
,11188.017,,7189481998.90094
,6138.558,,1136896123.61298
,1675.819,,4544428421.49513
,15313.392,,119130841411.664
,11470.376,,106937392311.129
,11474.043,,110080631332.375
,13179.198,56.0836715698242,101154952240.881
,14132.618,55.1479187011719,101822906949.063
,13699.912,52.3062591552734,66114145451.0067
80.1,429.039,56.0390014648438,16208985769.615
86.1,25.669,50.5838088989258,12263894790.0125
92.7,0.0,48.1588401794434,6583526860.58062
68.8,1210.11,,63298361996.2153
80.2,1360.457,,8905066163.58643
,69.673,,12523359440.5499
,157.681,,8839536475.99963
,11.001,,3557341215.15159
87.0,1114.768,,21573872420.7008
87.8,1118.435,48.6089706420898,6007055042.17687
,726.066,,6979155387.86792
50.0,0.0,,12756706583.3113
52.8,0.0,,6321335612.22233
56.7,0.0,,5351768843.61983
72.7,385.035,30.5603904724121,9426912647.59111
87.5,256.69,28.672420501709,4383315964.58718
87.7,234.688,14.3760404586792,2448714703.96617
85.7,84.341,51.0776596069336,339476276257.793
85.8,22.002,,238454997161.48
82.9,62.339,54.7731781005859,104738954264.226
,5529.836,,9745261300.57788
,7898.718,,4018365747.00972
,0.0,,78710793237.9714
,0.0,,64993498049.4148
,0.0,,60905452535.7607
,0.0,,21633708192.4577
47.2,18859.381,56.9771499633789,271390474857.632
48.1,13670.576,55.5949897766113,258657231672.412
47.2,14708.337,56.7643394470215,250106966104.704
46.8,17179.895,54.7380218505859,230586581059.665
47.4,17440.252,55.3751907348633,196709621849.586
46.4,18525.684,54.8926391601562,187337783856.466
46.6,18925.387,55.5263710021973,202203748583.854
,23127.769,52.1368293762207,184140869997.46
47.0,17704.276,54.1512107849121,161871385506.36
48.0,16204.473,49.8736381530762,145208562960.767
,0.0,,287215972.900391
,0.0,,224265167.236328
,0.0,,29440287600.0
,157.681,,12304115000.0
55.2,0.0,,14250786674.7766
66.4,0.0,,3521339699.07407
62.5,3.667,,36089700222.9461
60.5,11.001,,36211447840.0971
62.5,0.0,,40377929295.6419
62.5,0.0,,38501122141.4241
63.4,3.667,,33271921136.315
63.6,0.0,,27260886405.2263
65.4,0.0,,22355151161.994
65.8,0.0,,24615267663.5456
68.4,0.0,,17856393235.4338
,3215.959,,191898104390.379
,3091.281,,189802976285.619
,3050.944,,200786250582.943
,2900.597,,192650021648.583
,3608.328,,102170981144.136
,2871.261,,88643193061.748
,3421.311,,76060606060.6061
,3252.629,,66768703497.5687
,46457.223,,306445871246.718
,40058.308,,283902828581.65
,25474.649,,181624626327.361
,14869.685,,87039092974.2272
,16314.483,,83669788254.7279
,8379.095,,245117990242.248
,0.0,,206224598571.429
,0.0,,198727642967.033
,0.0,,186833502362.637
,0.0,,167775268626.374
,0.0,,125122306346.154
,0.0,,97798351648.3516
,0.0,,115270054945.055
,0.0,,79712087912.0879
,0.0,,31734065934.0659
,32236.597,,192613579705.885
,32779.313,,46065502702.5817
,394580.201,,1524916715223.95
,448158.738,,345470494417.863
88.0,0.0,,8238966247.18033
90.5,0.0,,6124756894.20677
86.8,0.0,,2068837212.16681
,0.0,,744097050.169115
,0.0,,229371348.202606
46.0,0.0,,188021165.00338
55.5,0.0,,75951133.3777948
,0.0,,753864533333.333
,0.0,,258742133333.333
,0.0,,189514933333.333
,821.408,43.5345001220703,18918667724.8817
48.0,942.419,51.8145484924316,17814283639.3119
51.3,740.734,48.0367813110352,16145867494.9405
,447.374,41.8911514282227,11697918243.0035
,271.358,39.2752494812012,7006402319.75856
,31092.493,,40692661657.284
,34304.785,,49258136128.9672
,0.0,,981616542.328454
,0.0,,742134837.50919
74.6,0.0,32.4261703491211,4920343316.87093
86.5,0.0,34.826789855957,1430217080.66487
,1833.5,,319053943915.005
,1752.826,,307998545269.398
,1675.819,,314863580758.455
,1136.77,,307576360584.992
,102.676,,295092888076.589
,25.669,,279356499090.458
,25.669,,239807980591.24
,0.0,,96076539925.7409
,5621.511,,20876309970.385
,386773.158,,346709790458.563
,412746.519,,381198869776.106
,398342.543,,434400545085.811
,400810.434,,458199494830.834
,407253.353,,417363822801.713
,413014.21,,329754060647.129
,392490.011,,333077117253.684
,38928.872,,1233554967011.68
,50237.9,,1196156971279.69
,43461.284,,1371820537888.62
,41638.785,,1355579535912.55
,58290.632,,1324750738725.0
,47384.974,,1480710495710.12
,31033.821,,1422108199783.34
,40135.315,,1491472923706.64
,53791.223,,1631863493552.34
,75536.533,,1474002579820.0
,70054.368,,1260398977831.76
,78103.433,,1153715822717.51
,79735.248,,1069055675273.75
45.1,5529.836,,88012282205.8357
61.9,227.354,,58636161081.712
61.6,220.02,,40713826215.0093
62.2,227.354,,28279802405.9138
62.9,3.667,,15749753804.8344
63.5,0.0,53.5173797607422,64833083257.1431
80.4,0.0,,12257299147.2936
,0.0,,4980000000.0
,0.0,,4368370997.92126
,0.0,,3532969034.60838
,0.0,,1484092538.40527
,3.667,,21502061462.2122
,11.001,,25086950495.0495
,7.334,,20669357462.3831
61.8,337.364,,5642221099.17704
62.4,44.004,,860541842.263697
82.8,682.062,,47413919817.124
85.2,209.019,,39650394362.9287
89.4,0.0,,32012892919.37
92.4,209.019,,14129651895.6911
,64671.212,,401296238228.084
,66273.691,,420333654592.547
,56189.441,,341104766329.17
,41228.081,,189318408468.595
,30109.737,,126392224253.794
,0.0,,881909300.0
,0.0,50.5999984741211,542795400.0
81.0,0.0,,5755461035.44333
69.1,0.0,,5422442166.41062
63.4,0.0,,4721890900.13889
79.7,0.0,56.888370513916,3320907721.81095
77.1,0.0,53.1776008605957,2106848752.25468
,0.0,,414533117.692299
,0.0,,292230662.399012
,0.0,,8154338232.95978
,0.0,,50271812920.612
,0.0,,47311401812.6733
,44.004,,48123325825.0739
,55.005,,46206091937.9628
,0.0,,44859439902.2191
,0.0,,38915353866.757
,0.0,,31183885241.4396
,148099.129,,869682881593.041
,132983.755,,864313810469.009
,138861.956,,938934609296.966
,126364.82,,957799120008.32
,133288.116,,880555885492.269
,130717.549,,838785289694.35
,122690.486,,776967266305.53
,119459.859,,649289324627.732
,113948.358,,681321124295.914
,102518.319,,557076157773.479
,87586.295,,506314717661.655
,85870.139,,408865430220.331
,0.0,,8103901996.37024
93.4,0.0,,27305915910.7877
93.6,0.0,,26673441430.7857
94.2,0.0,,9977647682.96954
95.6,0.0,,6178563591.12051
,159771.19,,182591753827.949
,141894.565,,39309580983.2282
,550.05,,180617467964.602
60.3,11.001,,57480788380.312
59.4,7.334,,57680327998.6689
56.7,7.334,,61496186973.902
51.9,7.334,,61337621933.7857
47.9,7.334,,54232266358.7811
49.7,3.667,,50342406067.0777
53.3,3.667,,41950361211.9581
,3.667,,32708319077.5179
,3.667,,31119602538.8322
,11.001,,23797773024.3992
,7.334,,19741420739.8901
,6094.554,,86138288644.171
,5533.503,,86196264755.3105
,6149.559,,80845385809.4529
,5691.184,,73180037914.9104
,4921.114,,13760513969.314
,0.0,,772315983.81843
55.4,0.0,,364996869.129618
,777.404,,316482190800.364
,861.745,,329787628928.471
,403.37,,230364012575.687
,176.016,,122911036746.729
,45525.805,,106014659565.214
57.7,20733.218,,31172518403.3162
,0.0,,15405400000.0
,0.0,,13972400000.0
,0.0,,13989700000.0
,0.0,,13515500000.0
,0.0,,12208400000.0
,0.0,,11186100000.0
,0.0,,9681500000.0
,0.0,,8085700000.0
,0.0,,7310400000.0
,0.0,,5815700000.0
,0.0,,5348300000.0
,0.0,,4603100000.0
,0.0,54.0999984741211,13867634371.4773
89.2,381.368,,20265559483.8548
90.7,293.36,,14056957976.2648
89.6,304.361,,4193850445.42632
80.8,7737.37,,19495519600.0
77.2,5859.866,,14101920300.0
